,Afiliada,Cliques,Conversoes,Receita_R$,Custo_R$,Taxa_Conversao(%),Lucro_R$,ROI(%),Pausar
8,Afiliada_I,2533,36,1944,2267.27,1.421239636794315,-323.27,-14.25811658955484,True
11,Afiliada_L,2028,34,1938,3005.46,1.6765285996055226,-1067.46,-35.51735840769799,True
16,Afiliada_Q,1252,21,1323,1454.15,1.6773162939297124,-131.1500000000001,-9.019014544579314,True
20,Afiliada_U,2598,41,2337,2709.41,1.5781370284834488,-372.40999999999985,-13.745058887359235,True
22,Afiliada_W,2961,30,2490,6118.85,1.0131712259371835,-3628.8500000000004,-59.30607875662911,True
24,Afiliada_Y,2018,85,3740,4177.11,4.2120911793855305,-437.1099999999997,-10.464411997768785,True
