,Afiliada,ROI(%)
12,Afiliada_M,1676.084407971864
19,Afiliada_T,1460.832858548713
29,Afiliada_^,1403.5856101463878
2,Afiliada_C,879.2918115712931
14,Afiliada_O,757.4629652682682
